rank,file,t_sec,score,U,A,D,n_boxes,n_ambiguous,empty,selected
1,frame_0124.jpg,49.6,0.721,0.7414,0.7143,0.68,7,5,False,True
2,frame_0018.jpg,7.2,0.7177,0.6068,0.7143,1.0,7,5,False,True
3,frame_0074.jpg,29.6,0.6995,0.5705,0.7143,1.0,7,5,False,True
4,frame_0077.jpg,30.8,0.6964,0.7837,0.4286,0.88,7,3,False,False
5,frame_0385.jpg,154.0,0.684,0.8595,0.7143,0.2,10,5,False,True
6,frame_0073.jpg,29.2,0.6755,0.6938,0.4286,1.0,5,3,False,False
7,frame_0001.jpg,0.4,0.6697,0.5965,0.5714,1.0,7,4,False,True
8,frame_0030.jpg,12.0,0.6558,0.6544,0.4286,1.0,7,3,False,True
9,frame_0024.jpg,9.6,0.6553,0.9106,0.0,1.0,1,0,False,True
10,frame_0008.jpg,3.2,0.6434,0.6297,0.4286,1.0,3,3,False,True
11,frame_0004.jpg,1.6,0.6429,0.6286,0.4286,1.0,4,3,False,False
12,frame_0296.jpg,118.4,0.6425,0.7718,0.4286,0.64,6,3,False,True
13,frame_0306.jpg,122.4,0.6417,0.9302,0.4286,0.24,7,3,False,True
14,frame_0378.jpg,151.2,0.6407,0.9066,0.5714,0.08,9,4,False,True
15,frame_0029.jpg,11.6,0.6393,0.7071,0.2857,1.0,5,2,False,False
16,frame_0167.jpg,66.8,0.6344,0.7716,0.4286,0.6,6,3,False,True
17,frame_0170.jpg,68.0,0.6303,0.64,0.7143,0.48,7,5,False,False
18,frame_0232.jpg,92.8,0.6293,0.75,0.7143,0.2,8,5,False,False
19,frame_0015.jpg,6.0,0.6268,0.6822,0.2857,1.0,4,2,False,False
20,frame_0014.jpg,5.6,0.6209,0.6703,0.2857,1.0,4,2,False,False
21,frame_0132.jpg,52.8,0.6204,0.5837,0.4286,1.0,6,3,False,False
22,frame_0070.jpg,28.0,0.6149,0.5727,0.4286,1.0,7,3,False,False
23,frame_0367.jpg,146.8,0.6111,0.7616,0.7143,0.08,9,5,False,False
24,frame_0293.jpg,117.2,0.6016,0.8135,0.1429,0.76,3,1,False,False
25,frame_0374.jpg,149.6,0.5989,0.6893,0.7143,0.2,9,5,False,False
26,frame_0375.jpg,150.0,0.5976,0.8581,0.4286,0.2,8,3,False,False
27,frame_0121.jpg,48.4,0.5944,0.7077,0.4286,0.56,4,3,False,False
28,frame_0368.jpg,147.2,0.5942,0.7439,0.7143,0.04,9,5,False,False
29,frame_0387.jpg,154.8,0.5921,0.5042,1.0,0.2,9,7,False,False
30,frame_0174.jpg,69.6,0.5918,0.7127,0.5714,0.32,6,4,False,False
31,frame_0028.jpg,11.2,0.5908,0.6101,0.2857,1.0,3,2,False,False
32,frame_0386.jpg,154.4,0.5846,0.5589,0.8571,0.24,9,6,False,False
33,frame_0396.jpg,158.4,0.5828,0.7587,0.5714,0.16,6,4,False,False
34,frame_0297.jpg,118.8,0.5822,0.5816,0.5714,0.6,6,4,False,False
35,frame_0384.jpg,153.6,0.582,0.6715,0.7143,0.16,8,5,False,False
36,frame_0305.jpg,122.0,0.5812,0.7076,0.5714,0.28,6,4,False,False
37,frame_0377.jpg,150.8,0.581,0.6854,0.7143,0.12,9,5,False,False
38,frame_0129.jpg,51.6,0.5804,0.6374,0.2857,0.88,5,2,False,False
39,frame_0304.jpg,121.6,0.5803,0.6897,0.5714,0.32,6,4,False,False
40,frame_0186.jpg,74.4,0.5801,0.7157,0.7143,0.04,10,5,False,False
41,frame_0389.jpg,155.6,0.5799,0.5976,0.8571,0.12,7,6,False,False
42,frame_0327.jpg,130.8,0.579,0.7134,0.7143,0.04,9,5,False,False
43,frame_0009.jpg,3.6,0.5758,0.5801,0.2857,1.0,2,2,False,False
44,frame_0303.jpg,121.2,0.5747,0.5769,0.7143,0.36,8,5,False,False
45,frame_0095.jpg,38.0,0.5731,0.6536,0.7143,0.16,6,5,False,False
46,frame_0217.jpg,86.8,0.5719,0.8123,0.2857,0.4,2,2,False,False
47,frame_0076.jpg,30.4,0.5711,0.517,0.4286,0.92,8,3,False,False
48,frame_0285.jpg,114.0,0.5702,0.729,0.2857,0.6,5,2,False,False
49,frame_0069.jpg,27.6,0.5688,0.5662,0.2857,1.0,5,2,False,False
50,frame_0301.jpg,120.4,0.5626,0.692,0.4286,0.44,6,3,False,False
51,frame_0379.jpg,151.6,0.5624,0.7659,0.5714,0.04,9,4,False,False
52,frame_0188.jpg,75.2,0.5619,0.6792,0.7143,0.04,10,5,False,False
53,frame_0184.jpg,73.6,0.5609,0.747,0.5714,0.08,6,4,False,False
54,frame_0089.jpg,35.6,0.5583,0.5281,0.7143,0.4,6,5,False,False
55,frame_0000.jpg,0.0,0.5545,0.5375,0.2857,1.0,4,2,False,False
56,frame_0005.jpg,2.0,0.5518,0.5321,0.2857,1.0,5,2,False,False
57,frame_0175.jpg,70.0,0.5512,0.6476,0.5714,0.28,5,4,False,False
58,frame_0130.jpg,52.0,0.5498,0.4744,0.4286,0.92,6,3,False,False
59,frame_0105.jpg,42.0,0.5453,0.7158,0.5714,0.08,6,4,False,False
60,frame_0291.jpg,116.4,0.5451,0.497,0.4286,0.84,6,3,False,False
61,frame_0126.jpg,50.4,0.5426,0.524,0.4286,0.76,6,3,False,False
62,frame_0288.jpg,115.2,0.5422,0.5392,0.4286,0.72,5,3,False,False
63,frame_0017.jpg,6.8,0.5411,0.5108,0.2857,1.0,4,2,False,False
64,frame_0213.jpg,85.2,0.5409,0.772,0.1429,0.56,1,1,False,False
65,frame_0168.jpg,67.2,0.5386,0.5961,0.4286,0.56,6,3,False,False
66,frame_0230.jpg,92.0,0.5374,0.684,0.5714,0.12,7,4,False,False
67,frame_0284.jpg,113.6,0.5352,0.5892,0.4286,0.56,5,3,False,False
68,frame_0072.jpg,28.8,0.5348,0.5839,0.1429,1.0,6,1,False,False
69,frame_0120.jpg,48.0,0.5339,0.6884,0.2857,0.52,2,2,False,False
70,frame_0286.jpg,114.4,0.5325,0.5519,0.4286,0.64,7,3,False,False
71,frame_0003.jpg,1.2,0.5318,0.4065,0.4286,1.0,6,3,False,False
72,frame_0173.jpg,69.2,0.5315,0.6618,0.4286,0.36,5,3,False,False
73,frame_0199.jpg,79.6,0.5311,0.7844,0.1429,0.48,1,1,False,False
74,frame_0094.jpg,37.6,0.5306,0.7241,0.4286,0.2,4,3,False,False
75,frame_0127.jpg,50.8,0.5299,0.5683,0.2857,0.8,6,2,False,False
76,frame_0332.jpg,132.8,0.5292,0.7853,0.4286,0.04,6,3,False,False
77,frame_0016.jpg,6.4,0.5284,0.3996,0.4286,1.0,7,3,False,False
78,frame_0215.jpg,86.0,0.5219,0.5946,0.4286,0.48,7,3,False,False
79,frame_0067.jpg,26.8,0.521,0.4706,0.2857,1.0,7,2,False,False
80,frame_0079.jpg,31.6,0.521,0.4648,0.4286,0.8,6,3,False,False
81,frame_0222.jpg,88.8,0.5208,0.7044,0.4286,0.2,4,3,False,False
82,frame_0078.jpg,31.2,0.5147,0.6077,0.1429,0.84,8,1,False,False
83,frame_0031.jpg,12.4,0.5133,0.4552,0.2857,1.0,6,2,False,False
84,frame_0021.jpg,8.4,0.5112,0.3652,0.4286,1.0,5,3,False,False
85,frame_0012.jpg,4.8,0.5106,0.4497,0.2857,1.0,4,2,False,False
86,frame_0106.jpg,42.4,0.5087,0.6585,0.5714,0.04,6,4,False,False
87,frame_0133.jpg,53.2,0.5071,0.4427,0.2857,1.0,7,2,False,False
88,frame_0193.jpg,77.2,0.5067,0.5746,0.5714,0.24,6,4,False,False
89,frame_0290.jpg,116.0,0.5047,0.518,0.2857,0.8,7,2,False,False
90,frame_0294.jpg,117.6,0.5036,0.6334,0.1429,0.72,5,1,False,False
91,frame_0330.jpg,132.0,0.5032,0.6476,0.5714,0.04,8,4,False,False
92,frame_0071.jpg,28.4,0.5026,0.5195,0.1429,1.0,5,1,False,False
93,frame_0027.jpg,10.8,0.5002,0.5147,0.1429,1.0,3,1,False,False
94,frame_0117.jpg,46.8,0.499,0.6665,0.2857,0.4,3,2,False,False
95,frame_0376.jpg,150.4,0.4978,0.6744,0.4286,0.16,8,3,False,False
96,frame_0308.jpg,123.2,0.4973,0.5878,0.5714,0.16,5,4,False,False
97,frame_0020.jpg,8.0,0.4972,0.3372,0.4286,1.0,5,3,False,False
98,frame_0123.jpg,49.2,0.4949,0.6481,0.1429,0.64,5,1,False,False
99,frame_0279.jpg,111.6,0.4941,0.6728,0.2857,0.36,5,2,False,False
100,frame_0068.jpg,27.2,0.4917,0.412,0.2857,1.0,6,2,False,False
101,frame_0201.jpg,80.4,0.4915,0.5875,0.2857,0.56,3,2,False,False
102,frame_0007.jpg,2.8,0.4894,0.3217,0.4286,1.0,4,3,False,False
103,frame_0075.jpg,30.0,0.4881,0.4207,0.2857,0.96,5,2,False,False
104,frame_0299.jpg,119.6,0.4853,0.5054,0.4286,0.52,7,3,False,False
105,frame_0397.jpg,158.8,0.484,0.5452,0.5714,0.2,6,4,False,False
106,frame_0295.jpg,118.0,0.4829,0.5224,0.2857,0.68,7,2,False,False
107,frame_0395.jpg,158.0,0.4806,0.5703,0.5714,0.12,6,4,False,False
108,frame_0275.jpg,110.0,0.4797,0.7937,0.1429,0.2,7,1,False,False
109,frame_0289.jpg,115.6,0.4791,0.5685,0.1429,0.76,4,1,False,False
110,frame_0300.jpg,120.0,0.4773,0.5054,0.4286,0.48,6,3,False,False
111,frame_0398.jpg,159.2,0.4765,0.6855,0.2857,0.24,6,2,False,False
112,frame_0391.jpg,156.4,0.4723,0.5,0.7143,0.04,7,5,False,False
113,frame_0292.jpg,116.8,0.4706,0.5354,0.1429,0.8,5,1,False,False
114,frame_0103.jpg,41.2,0.4701,0.6191,0.4286,0.16,3,3,False,False
115,frame_0209.jpg,83.6,0.4684,0.4774,0.2857,0.72,4,2,False,False
116,frame_0320.jpg,128.0,0.4668,0.4947,0.5714,0.24,7,4,False,False
117,frame_0171.jpg,68.4,0.4643,0.5811,0.2857,0.44,4,2,False,False
118,frame_0231.jpg,92.4,0.4637,0.5206,0.5714,0.16,8,4,False,False
119,frame_0185.jpg,74.0,0.4614,0.548,0.5714,0.08,7,4,False,False
120,frame_0125.jpg,50.0,0.4613,0.5489,0.1429,0.72,4,1,False,False
121,frame_0112.jpg,44.8,0.4604,0.755,0.1429,0.2,3,1,False,False
122,frame_0084.jpg,33.6,0.4596,0.5934,0.1429,0.6,2,1,False,False
123,frame_0128.jpg,51.2,0.4594,0.5827,0.0,0.84,7,0,False,False
124,frame_0080.jpg,32.0,0.4573,0.3534,0.4286,0.76,5,3,False,False
125,frame_0081.jpg,32.4,0.4571,0.4548,0.2857,0.72,5,2,False,False
126,frame_0220.jpg,88.0,0.4568,0.6302,0.2857,0.28,2,2,False,False
127,frame_0208.jpg,83.2,0.4552,0.5207,0.1429,0.76,4,1,False,False
128,frame_0006.jpg,2.4,0.4538,0.3362,0.2857,1.0,4,2,False,False
129,frame_0087.jpg,34.8,0.4528,0.4565,0.4286,0.48,4,3,False,False
130,frame_0287.jpg,114.8,0.4506,0.4577,0.2857,0.68,5,2,False,False
131,frame_0207.jpg,82.8,0.4502,0.4946,0.1429,0.8,2,1,False,False
132,frame_0011.jpg,4.4,0.4498,0.4139,0.1429,1.0,3,1,False,False
133,frame_0317.jpg,126.8,0.4455,0.6395,0.2857,0.2,6,2,False,False
134,frame_0282.jpg,112.8,0.4443,0.6108,0.1429,0.48,7,1,False,False
135,frame_0194.jpg,77.6,0.4353,0.6728,0.1429,0.28,3,1,False,False
136,frame_0319.jpg,127.6,0.4352,0.5012,0.4286,0.28,8,3,False,False
137,frame_0122.jpg,48.8,0.4345,0.6289,0.0,0.6,4,0,False,False
138,frame_0019.jpg,7.6,0.4344,0.3831,0.1429,1.0,4,1,False,False
139,frame_0113.jpg,45.2,0.4334,0.5136,0.4286,0.24,5,3,False,False
140,frame_0088.jpg,35.2,0.4313,0.5152,0.2857,0.44,5,2,False,False
141,frame_0098.jpg,39.2,0.4296,0.5861,0.4286,0.04,7,3,False,False
142,frame_0278.jpg,111.2,0.4293,0.5592,0.2857,0.32,7,2,False,False
143,frame_0096.jpg,38.4,0.4268,0.7199,0.1429,0.12,4,1,False,False
144,frame_0390.jpg,156.0,0.424,0.5589,0.4286,0.08,7,3,False,False
145,frame_0116.jpg,46.4,0.4236,0.446,0.4286,0.36,5,3,False,False
146,frame_0314.jpg,125.6,0.4231,0.4714,0.5714,0.08,6,4,False,False
147,frame_0131.jpg,52.4,0.4214,0.3731,0.1429,0.96,4,1,False,False
148,frame_0192.jpg,76.8,0.4199,0.5027,0.4286,0.2,5,3,False,False
149,frame_0203.jpg,81.2,0.4189,0.4103,0.2857,0.64,4,2,False,False
150,frame_0198.jpg,79.2,0.4185,0.661,0.0,0.44,1,0,False,False
151,frame_0321.jpg,128.4,0.4181,0.4133,0.5714,0.2,4,4,False,False
152,frame_0023.jpg,9.2,0.4174,0.3491,0.1429,1.0,2,1,False,False
153,frame_0226.jpg,90.4,0.4173,0.4758,0.5714,0.04,4,4,False,False
154,frame_0329.jpg,131.6,0.4172,0.6309,0.2857,0.08,9,2,False,False
155,frame_0273.jpg,109.2,0.4166,0.528,0.4286,0.12,5,3,False,False
156,frame_0032.jpg,12.8,0.4159,0.346,0.1429,1.0,6,1,False,False
157,frame_0026.jpg,10.4,0.4144,0.4289,0.0,1.0,2,0,False,False
158,frame_0108.jpg,43.2,0.413,0.6385,0.2857,0.04,7,2,False,False
159,frame_0091.jpg,36.4,0.4117,0.6096,0.1429,0.32,3,1,False,False
160,frame_0210.jpg,84.0,0.4083,0.4588,0.1429,0.68,4,1,False,False
161,frame_0202.jpg,80.8,0.4075,0.575,0.0,0.6,3,0,False,False
162,frame_0221.jpg,88.4,0.4071,0.5468,0.2857,0.24,5,2,False,False
163,frame_0399.jpg,159.6,0.4058,0.4424,0.4286,0.28,7,3,False,False
164,frame_0169.jpg,67.6,0.4038,0.4282,0.2857,0.52,6,2,False,False
165,frame_0083.jpg,33.2,0.4032,0.379,0.2857,0.64,4,2,False,False
166,frame_0313.jpg,125.2,0.4029,0.6184,0.2857,0.04,2,2,False,False
167,frame_0118.jpg,47.2,0.401,0.4546,0.2857,0.44,5,2,False,False
168,frame_0097.jpg,38.8,0.4009,0.5983,0.2857,0.08,6,2,False,False
169,frame_0196.jpg,78.4,0.3994,0.4833,0.2857,0.36,2,2,False,False
170,frame_0002.jpg,0.8,0.3987,0.3116,0.1429,1.0,6,1,False,False
171,frame_0225.jpg,90.0,0.3976,0.5918,0.2857,0.08,5,2,False,False
172,frame_0013.jpg,5.2,0.3955,0.3052,0.1429,1.0,3,1,False,False
173,frame_0218.jpg,87.2,0.3954,0.4753,0.2857,0.36,3,2,False,False
174,frame_0276.jpg,110.4,0.3941,0.435,0.4286,0.24,8,3,False,False
175,frame_0280.jpg,112.0,0.3911,0.4507,0.2857,0.4,6,2,False,False
176,frame_0033.jpg,13.2,0.3903,0.2948,0.1429,1.0,5,1,False,False
177,frame_0109.jpg,43.6,0.3876,0.5718,0.2857,0.08,5,2,False,False
178,frame_0283.jpg,113.2,0.3873,0.4808,0.1429,0.52,7,1,False,False
179,frame_0114.jpg,45.6,0.3866,0.4041,0.4286,0.28,5,3,False,False
180,frame_0388.jpg,155.2,0.3823,0.4434,0.4286,0.16,8,3,False,False
181,frame_0010.jpg,4.0,0.3803,0.3606,0.0,1.0,2,0,False,False
182,frame_0333.jpg,133.2,0.3795,0.5556,0.2857,0.08,7,2,False,False
183,frame_0223.jpg,89.2,0.3748,0.5141,0.2857,0.16,6,2,False,False
184,frame_0110.jpg,44.0,0.3729,0.5263,0.2857,0.12,3,2,False,False
185,frame_0176.jpg,70.4,0.3726,0.4777,0.2857,0.24,8,2,False,False
186,frame_0115.jpg,46.0,0.3717,0.444,0.2857,0.32,6,2,False,False
187,frame_0298.jpg,119.2,0.3706,0.4314,0.1429,0.56,4,1,False,False
188,frame_0183.jpg,73.2,0.3687,0.6356,0.1429,0.04,4,1,False,False
189,frame_0082.jpg,32.8,0.3678,0.3778,0.1429,0.68,3,1,False,False
190,frame_0101.jpg,40.4,0.3654,0.6987,0.0,0.08,2,0,False,False
191,frame_0179.jpg,71.6,0.363,0.5065,0.2857,0.12,3,2,False,False
192,frame_0328.jpg,131.2,0.3627,0.522,0.2857,0.08,11,2,False,False
193,frame_0371.jpg,148.4,0.3613,0.4335,0.4286,0.08,6,3,False,False
194,frame_0325.jpg,130.0,0.3609,0.4486,0.4286,0.04,5,3,False,False
195,frame_0318.jpg,127.2,0.3606,0.4538,0.2857,0.24,8,2,False,False
196,frame_0316.jpg,126.4,0.3605,0.4856,0.2857,0.16,7,2,False,False
197,frame_0025.jpg,10.0,0.3604,0.3208,0.0,1.0,2,0,False,False
198,frame_0181.jpg,72.4,0.3581,0.4431,0.4286,0.04,6,3,False,False
199,frame_0090.jpg,36.0,0.3573,0.3991,0.2857,0.36,6,2,False,False
200,frame_0277.jpg,110.8,0.3547,0.5117,0.1429,0.28,7,1,False,False
201,frame_0322.jpg,128.8,0.3515,0.3818,0.4286,0.16,6,3,False,False
202,frame_0180.jpg,72.0,0.3496,0.4101,0.4286,0.08,6,3,False,False
203,frame_0394.jpg,157.6,0.3477,0.4062,0.4286,0.08,4,3,False,False
204,frame_0211.jpg,84.4,0.3473,0.3528,0.1429,0.64,2,1,False,False
205,frame_0086.jpg,34.4,0.3461,0.3128,0.2857,0.52,4,2,False,False
206,frame_0269.jpg,107.6,0.3441,0.5008,0.2857,0.04,4,2,False,False
207,frame_0281.jpg,112.4,0.3437,0.4257,0.1429,0.44,6,1,False,False
208,frame_0383.jpg,153.2,0.3434,0.3816,0.4286,0.12,6,3,False,False
209,frame_0205.jpg,82.0,0.3416,0.3094,0.1429,0.72,1,1,False,False
210,frame_0274.jpg,109.6,0.3406,0.4457,0.2857,0.16,7,2,False,False
211,frame_0191.jpg,76.4,0.3397,0.444,0.2857,0.16,5,2,False,False
212,frame_0177.jpg,70.8,0.335,0.3329,0.4286,0.2,5,3,False,False
213,frame_0214.jpg,85.6,0.3313,0.2832,0.2857,0.52,3,2,False,False
214,frame_0315.jpg,126.0,0.3313,0.3574,0.4286,0.12,6,3,False,False
215,frame_0195.jpg,78.0,0.328,0.4422,0.1429,0.32,4,1,False,False
216,frame_0219.jpg,87.6,0.3242,0.349,0.2857,0.32,2,2,False,False
217,frame_0190.jpg,76.0,0.3234,0.5987,0.0,0.12,3,0,False,False
218,frame_0372.jpg,148.8,0.3211,0.4228,0.2857,0.12,6,2,False,False
219,frame_0268.jpg,107.2,0.3206,0.4377,0.2857,0.08,4,2,False,False
220,frame_0307.jpg,122.8,0.3192,0.3869,0.2857,0.2,5,2,False,False
221,frame_0323.jpg,129.2,0.3191,0.5044,0.1429,0.12,2,1,False,False
222,frame_0178.jpg,71.2,0.3185,0.4872,0.1429,0.16,4,1,False,False
223,frame_0206.jpg,82.4,0.3143,0.2388,0.1429,0.76,3,1,False,False
224,frame_0228.jpg,91.2,0.3061,0.4247,0.2857,0.04,3,2,False,False
225,frame_0302.jpg,120.8,0.3007,0.4413,0.0,0.4,5,0,False,False
226,frame_0309.jpg,123.6,0.3006,0.4674,0.1429,0.12,5,1,False,False
227,frame_0311.jpg,124.4,0.3005,0.4993,0.1429,0.04,4,1,False,False
228,frame_0172.jpg,68.8,0.2994,0.2673,0.2857,0.4,6,2,False,False
229,frame_0119.jpg,47.6,0.2955,0.2275,0.2857,0.48,5,2,False,False
230,frame_0310.jpg,124.0,0.2951,0.4725,0.1429,0.08,4,1,False,False
231,frame_0233.jpg,93.2,0.294,0.3205,0.2857,0.24,6,2,False,False
232,frame_0370.jpg,148.0,0.2938,0.4858,0.1429,0.04,4,1,False,False
233,frame_0272.jpg,108.8,0.2937,0.4697,0.1429,0.08,4,1,False,False
234,frame_0229.jpg,91.6,0.2921,0.3808,0.2857,0.08,6,2,False,False
235,frame_0381.jpg,152.4,0.2886,0.4755,0.1429,0.04,3,1,False,False
236,frame_0200.jpg,80.0,0.2857,0.2776,0.1429,0.52,2,1,False,False
237,frame_0111.jpg,44.4,0.2849,0.4201,0.1429,0.16,5,1,False,False
238,frame_0373.jpg,149.2,0.2842,0.4186,0.1429,0.16,8,1,False,False
239,frame_0085.jpg,34.0,0.2823,0.3407,0.0,0.56,3,0,False,False
240,frame_0104.jpg,41.6,0.2721,0.4105,0.1429,0.12,5,1,False,False
241,frame_0267.jpg,106.8,0.2715,0.4092,0.1429,0.12,4,1,False,False
242,frame_0189.jpg,75.6,0.2696,0.4215,0.1429,0.08,6,1,False,False
243,frame_0022.jpg,8.8,0.266,0.1319,0.0,1.0,3,0,False,False
244,frame_0216.jpg,86.4,0.254,0.3319,0.0,0.44,3,0,False,False
245,frame_0393.jpg,157.2,0.2519,0.3164,0.2857,0.04,4,2,False,False
246,frame_0092.jpg,36.8,0.249,0.3003,0.1429,0.28,5,1,False,False
247,frame_0093.jpg,37.2,0.2402,0.2987,0.1429,0.24,3,1,False,False
248,frame_0224.jpg,89.6,0.2357,0.4235,0.0,0.12,4,0,False,False
249,frame_0382.jpg,152.8,0.2345,0.3513,0.1429,0.08,4,1,False,False
250,frame_0102.jpg,40.8,0.2081,0.2824,0.1429,0.12,5,1,False,False
251,frame_0204.jpg,81.6,0.2059,0.1398,0.0,0.68,2,0,False,False
252,frame_0324.jpg,129.6,0.2027,0.2877,0.1429,0.08,4,1,False,False
253,frame_0197.jpg,78.8,0.2009,0.2418,0.0,0.4,1,0,False,False
254,frame_0212.jpg,84.8,0.192,0.1439,0.0,0.6,3,0,False,False
255,frame_0271.jpg,108.4,0.173,0.3299,0.0,0.04,3,0,False,False
256,frame_0100.jpg,40.0,0.0894,0.1628,0.0,0.04,4,0,False,False
